"0","# Chacter string to numeric"
"0","class(as.numeric(x_char))"
"2","Warning:"
"2"," NAs introduced by coercion
"
"1","[1]"
"1"," ""numeric"""
"1","
"
"0","# If character contains only values it is easy"
"0","x_char2 <- c(""0"",""5"",""6.5"")"
"0","as.numeric(x_char2)"
"1","[1]"
"1"," 0.0"
"1"," 5.0"
"1"," 6.5"
"1","
"
"0","# Integer to numeric"
"0","x_int_to_num <- as.numeric(x_int)"
"0","x_int_to_num"
"1","[1]"
"1"," 1"
"1"," 2"
"1"," 3"
"1","
"
"0","class(x_int_to_num)"
"1","[1]"
"1"," ""numeric"""
"1","
"
"0","# Numeric to integer"
"0","x_num_to_int <- as.integer(x)"
"0","x_num_to_int"
"1","[1]"
"1"," 1"
"1"," 2"
"1"," 3"
"1","
"
"0","class(x_num_to_int)"
"1","[1]"
"1"," ""integer"""
"1","
"
